피드백ID,고객ID,등록일,내용,평가점수,유형
FB000001,CUST002173,2023-09-20,다시 이용하고 싶습니다,5,칭찬
FB000002,CUST003846,2023-11-24,상담원이 친절했습니다,5,불만
FB000003,CUST000431,2024-08-25,상담원이 친절했습니다,1,불만
FB000004,CUST003011,2024-08-02,앱이 사용하기 편해요,5,칭찬
FB000005,CUST000086,2023-05-26,청구서가 늦게 와요,4,칭찬
FB000006,CUST000566,2023-01-20,앱이 사용하기 편해요,5,불만
FB000007,CUST002747,2023-04-08,다시 이용하고 싶습니다,3,건의
FB000008,CUST004305,2024-02-16,기술자가 전문적이었습니다,5,불만
FB000009,CUST000973,2024-03-10,고객지원이 부족합니다,3,건의
FB000010,CUST003644,2023-09-13,상담원이 친절했습니다,4,건의
FB000011,CUST004317,2023-07-30,불만이 많습니다,5,칭찬
FB000012,CUST000014,2024-06-15,만족합니다,3,칭찬
FB000013,CUST004232,2023-05-25,신청 처리가 빨라요,5,불만
FB000014,CUST004600,2023-05-12,기술자가 전문적이었습니다,4,불만
FB000015,CUST000868,2023-05-19,개선이 필요합니다,5,건의
FB000016,CUST001895,2023-05-20,고객지원이 부족합니다,5,건의
FB000017,CUST003532,2023-10-12,만족합니다,4,불만
FB000018,CUST001258,2023-02-08,가격이 합리적입니다,2,건의
FB000019,CUST000003,2023-02-02,가격이 합리적입니다,5,칭찬
FB000020,CUST001002,2023-11-24,공급이 안정적이네요,5,불만
FB000021,CUST003703,2023-08-26,청구서가 늦게 와요,5,건의
FB000022,CUST003999,2024-08-24,계약 과정이 복잡해요,5,칭찬
FB000023,CUST001433,2023-05-14,신청 처리가 빨라요,3,건의
FB000024,CUST004186,2023-07-08,기술자가 전문적이었습니다,2,불만
FB000025,CUST004658,2024-11-11,공급이 안정적이네요,5,불만
FB000026,CUST003303,2023-06-30,서비스가 좋습니다,4,건의
FB000027,CUST000340,2023-02-18,요금이 비싼 편입니다,4,불만
FB000028,CUST003698,2024-01-17,요금이 비싼 편입니다,4,불만
FB000029,CUST004784,2024-01-22,공급이 안정적이네요,4,건의
FB000030,CUST002020,2023-05-24,가격이 합리적입니다,4,건의
FB000031,CUST001370,2024-11-01,다시 이용하고 싶습니다,4,건의
FB000032,CUST000059,2023-01-29,고객지원이 부족합니다,4,불만
FB000033,CUST001303,2023-04-08,청구서가 늦게 와요,5,칭찬
FB000034,CUST001434,2024-11-10,신청 처리가 빨라요,5,칭찬
FB000035,CUST000785,2024-09-20,신청 처리가 빨라요,4,불만
FB000036,CUST001865,2023-02-17,요금이 비싼 편입니다,4,불만
FB000037,CUST000255,2023-03-19,가격이 합리적입니다,5,칭찬
FB000038,CUST004800,2023-04-27,상담원이 친절했습니다,3,건의
FB000039,CUST004179,2023-08-01,기술자가 전문적이었습니다,1,불만
FB000040,CUST004517,2023-09-20,요금이 비싼 편입니다,4,칭찬
FB000041,CUST000757,2024-07-01,서비스가 좋습니다,4,칭찬
FB000042,CUST000139,2023-11-11,다시 이용하고 싶습니다,4,건의
FB000043,CUST004656,2023-08-03,신청 처리가 빨라요,3,칭찬
FB000044,CUST003695,2023-08-17,개선이 필요합니다,5,건의
FB000045,CUST002268,2024-08-12,서비스가 좋습니다,5,불만
FB000046,CUST001772,2023-04-14,상담원이 친절했습니다,4,건의
FB000047,CUST003430,2023-07-17,계약 과정이 복잡해요,3,칭찬
FB000048,CUST002911,2023-08-22,기술자가 전문적이었습니다,4,불만
FB000049,CUST001733,2024-10-19,만족합니다,5,칭찬
FB000050,CUST002784,2023-06-28,불만이 많습니다,2,불만
FB000051,CUST002033,2024-01-08,앱이 사용하기 편해요,5,칭찬
FB000052,CUST000429,2023-07-05,만족합니다,5,칭찬
FB000053,CUST004308,2024-06-13,고객지원이 부족합니다,3,건의
FB000054,CUST003857,2024-01-23,고객지원이 부족합니다,5,칭찬
FB000055,CUST004034,2023-04-30,만족합니다,4,건의
FB000056,CUST004972,2023-08-08,앱이 사용하기 편해요,5,불만
FB000057,CUST003033,2023-06-12,상담원이 친절했습니다,5,칭찬
FB000058,CUST000367,2023-09-07,서비스가 좋습니다,5,건의
FB000059,CUST004564,2024-09-04,기술자가 전문적이었습니다,3,건의
FB000060,CUST000497,2023-09-18,서비스가 좋습니다,5,불만
FB000061,CUST003160,2023-12-10,요금이 비싼 편입니다,3,칭찬
FB000062,CUST001173,2024-02-26,상담원이 친절했습니다,4,불만
FB000063,CUST003426,2024-11-26,요금이 비싼 편입니다,2,불만
FB000064,CUST003579,2023-10-18,다시 이용하고 싶습니다,4,칭찬
FB000065,CUST003635,2023-12-08,서비스가 좋습니다,3,불만
FB000066,CUST004384,2023-05-10,불만이 많습니다,4,건의
FB000067,CUST000743,2023-08-10,서비스가 좋습니다,5,불만
FB000068,CUST003497,2023-11-08,서비스가 좋습니다,3,건의
FB000069,CUST002063,2023-07-10,가격이 합리적입니다,5,칭찬
FB000070,CUST000409,2024-05-27,앱이 사용하기 편해요,5,불만
FB000071,CUST001796,2024-02-14,공급이 안정적이네요,1,건의
FB000072,CUST001650,2023-11-02,계약 과정이 복잡해요,5,칭찬
FB000073,CUST001618,2023-11-02,공급이 안정적이네요,4,칭찬
FB000074,CUST001238,2024-09-16,다시 이용하고 싶습니다,1,불만
FB000075,CUST002496,2024-03-29,공급이 안정적이네요,4,건의
FB000076,CUST003687,2024-03-14,다시 이용하고 싶습니다,4,불만
FB000077,CUST001133,2023-01-06,가격이 합리적입니다,5,칭찬
FB000078,CUST000113,2023-06-27,청구서가 늦게 와요,4,건의
FB000079,CUST002359,2023-09-28,앱이 사용하기 편해요,3,불만
FB000080,CUST000466,2024-08-20,만족합니다,5,건의
FB000081,CUST003284,2024-06-08,개선이 필요합니다,5,칭찬
FB000082,CUST004132,2024-03-16,다시 이용하고 싶습니다,5,불만
FB000083,CUST003069,2024-03-15,신청 처리가 빨라요,4,칭찬
FB000084,CUST003510,2023-07-17,만족합니다,3,건의
FB000085,CUST003954,2023-10-02,신청 처리가 빨라요,5,칭찬
FB000086,CUST003991,2023-06-28,상담원이 친절했습니다,5,불만
FB000087,CUST000469,2023-02-25,가격이 합리적입니다,3,칭찬
FB000088,CUST002773,2024-08-20,개선이 필요합니다,5,건의
FB000089,CUST001441,2024-01-01,다시 이용하고 싶습니다,5,건의
FB000090,CUST000357,2023-09-11,만족합니다,4,칭찬
FB000091,CUST000870,2024-03-23,다시 이용하고 싶습니다,5,건의
FB000092,CUST003269,2024-04-09,불만이 많습니다,5,불만
FB000093,CUST001102,2024-10-13,만족합니다,5,건의
FB000094,CUST001123,2024-11-17,다시 이용하고 싶습니다,4,칭찬
FB000095,CUST004290,2024-04-29,신청 처리가 빨라요,5,칭찬
FB000096,CUST000252,2024-10-02,만족합니다,5,칭찬
FB000097,CUST002377,2023-09-06,다시 이용하고 싶습니다,2,불만
FB000098,CUST002907,2023-10-11,기술자가 전문적이었습니다,4,건의
FB000099,CUST004588,2024-11-08,서비스가 좋습니다,3,칭찬
FB000100,CUST001295,2024-08-09,계약 과정이 복잡해요,4,칭찬
FB000101,CUST000556,2024-07-17,신청 처리가 빨라요,5,건의
FB000102,CUST003267,2024-10-14,신청 처리가 빨라요,3,불만
FB000103,CUST001635,2024-10-02,청구서가 늦게 와요,2,건의
FB000104,CUST002663,2024-01-05,요금이 비싼 편입니다,5,건의
FB000105,CUST000806,2023-07-01,공급이 안정적이네요,5,불만
FB000106,CUST002161,2024-09-28,기술자가 전문적이었습니다,4,건의
FB000107,CUST000798,2024-04-28,기술자가 전문적이었습니다,4,건의
FB000108,CUST004424,2023-08-26,요금이 비싼 편입니다,5,건의
FB000109,CUST002394,2023-12-31,앱이 사용하기 편해요,4,건의
FB000110,CUST004564,2024-02-19,기술자가 전문적이었습니다,5,건의
FB000111,CUST001314,2023-04-05,서비스가 좋습니다,5,건의
FB000112,CUST000949,2023-12-09,고객지원이 부족합니다,4,불만
FB000113,CUST001520,2024-12-05,가격이 합리적입니다,4,불만
FB000114,CUST000974,2023-07-01,가격이 합리적입니다,4,불만
FB000115,CUST002871,2024-01-28,신청 처리가 빨라요,5,불만
FB000116,CUST000368,2024-02-18,앱이 사용하기 편해요,4,칭찬
FB000117,CUST001632,2024-01-15,공급이 안정적이네요,4,건의
FB000118,CUST003510,2023-12-07,계약 과정이 복잡해요,4,칭찬
FB000119,CUST004465,2024-07-30,상담원이 친절했습니다,1,건의
FB000120,CUST000469,2023-03-09,고객지원이 부족합니다,1,건의
FB000121,CUST001871,2023-10-01,서비스가 좋습니다,5,칭찬
FB000122,CUST001065,2024-05-14,요금이 비싼 편입니다,5,불만
FB000123,CUST004990,2024-02-04,청구서가 늦게 와요,5,불만
FB000124,CUST002366,2023-06-11,개선이 필요합니다,5,건의
FB000125,CUST003210,2024-01-14,기술자가 전문적이었습니다,1,불만
FB000126,CUST004904,2023-09-10,서비스가 좋습니다,3,칭찬
FB000127,CUST001736,2024-10-16,계약 과정이 복잡해요,5,칭찬
FB000128,CUST003132,2024-06-07,개선이 필요합니다,5,칭찬
FB000129,CUST000436,2023-03-04,청구서가 늦게 와요,5,건의
FB000130,CUST004215,2024-09-26,기술자가 전문적이었습니다,4,불만
FB000131,CUST002182,2024-03-02,서비스가 좋습니다,5,칭찬
FB000132,CUST001026,2024-03-02,불만이 많습니다,4,칭찬
FB000133,CUST003090,2023-11-04,계약 과정이 복잡해요,5,칭찬
FB000134,CUST002625,2023-04-18,신청 처리가 빨라요,5,칭찬
FB000135,CUST004653,2023-09-30,개선이 필요합니다,4,칭찬
FB000136,CUST001121,2024-04-29,계약 과정이 복잡해요,3,칭찬
FB000137,CUST003470,2024-01-14,계약 과정이 복잡해요,5,칭찬
FB000138,CUST002712,2023-08-13,서비스가 좋습니다,5,불만
FB000139,CUST002782,2023-09-13,계약 과정이 복잡해요,5,불만
FB000140,CUST001220,2024-02-19,만족합니다,4,건의
FB000141,CUST004033,2024-08-18,만족합니다,5,건의
FB000142,CUST003263,2024-12-15,서비스가 좋습니다,1,건의
FB000143,CUST003777,2024-01-15,요금이 비싼 편입니다,3,불만
FB000144,CUST001709,2023-06-13,공급이 안정적이네요,3,칭찬
FB000145,CUST001841,2023-10-23,기술자가 전문적이었습니다,4,칭찬
FB000146,CUST001863,2024-03-28,불만이 많습니다,5,칭찬
FB000147,CUST002190,2023-10-05,공급이 안정적이네요,3,칭찬
FB000148,CUST003377,2024-02-08,상담원이 친절했습니다,4,불만
FB000149,CUST004556,2024-03-20,계약 과정이 복잡해요,5,건의
FB000150,CUST000630,2023-11-22,요금이 비싼 편입니다,5,건의
FB000151,CUST004015,2024-11-13,만족합니다,5,칭찬
FB000152,CUST000084,2023-08-27,청구서가 늦게 와요,5,건의
FB000153,CUST000412,2023-12-13,불만이 많습니다,4,건의
FB000154,CUST002891,2023-08-02,가격이 합리적입니다,4,칭찬
FB000155,CUST003643,2024-07-28,청구서가 늦게 와요,4,불만
FB000156,CUST003926,2024-08-17,청구서가 늦게 와요,5,칭찬
FB000157,CUST002358,2024-12-16,상담원이 친절했습니다,4,건의
FB000158,CUST004316,2024-12-06,요금이 비싼 편입니다,5,칭찬
FB000159,CUST002003,2024-12-17,기술자가 전문적이었습니다,4,건의
FB000160,CUST001076,2024-02-22,요금이 비싼 편입니다,3,건의
FB000161,CUST000001,2023-05-11,불만이 많습니다,5,건의
FB000162,CUST003300,2024-10-11,서비스가 좋습니다,5,칭찬
FB000163,CUST004961,2024-08-13,앱이 사용하기 편해요,5,건의
FB000164,CUST000697,2024-07-18,신청 처리가 빨라요,5,건의
FB000165,CUST001849,2023-12-14,개선이 필요합니다,5,건의
FB000166,CUST000498,2023-09-13,서비스가 좋습니다,4,칭찬
FB000167,CUST000898,2023-06-07,신청 처리가 빨라요,3,건의
FB000168,CUST000696,2023-10-24,앱이 사용하기 편해요,2,불만
FB000169,CUST004565,2023-07-27,앱이 사용하기 편해요,4,건의
FB000170,CUST004251,2024-12-25,개선이 필요합니다,4,건의
FB000171,CUST004733,2024-02-02,기술자가 전문적이었습니다,5,칭찬
FB000172,CUST004570,2024-05-20,공급이 안정적이네요,1,불만
FB000173,CUST003361,2024-08-29,청구서가 늦게 와요,4,건의
FB000174,CUST002353,2023-06-04,불만이 많습니다,4,불만
FB000175,CUST000641,2023-11-01,공급이 안정적이네요,5,건의
FB000176,CUST003039,2023-04-16,계약 과정이 복잡해요,4,건의
FB000177,CUST003565,2023-12-13,기술자가 전문적이었습니다,1,칭찬
FB000178,CUST004799,2024-05-01,계약 과정이 복잡해요,3,불만
FB000179,CUST001733,2023-03-25,고객지원이 부족합니다,3,건의
FB000180,CUST002136,2023-06-10,상담원이 친절했습니다,5,건의
FB000181,CUST001184,2024-10-18,만족합니다,4,건의
FB000182,CUST003092,2024-04-13,다시 이용하고 싶습니다,3,불만
FB000183,CUST000243,2024-10-22,가격이 합리적입니다,4,건의
FB000184,CUST002777,2024-12-15,신청 처리가 빨라요,1,건의
FB000185,CUST004641,2024-03-04,신청 처리가 빨라요,3,불만
FB000186,CUST003666,2023-07-21,청구서가 늦게 와요,1,불만
FB000187,CUST003595,2024-10-02,앱이 사용하기 편해요,4,건의
FB000188,CUST001013,2024-07-14,상담원이 친절했습니다,5,불만
FB000189,CUST000053,2023-08-18,고객지원이 부족합니다,1,불만
FB000190,CUST001360,2023-11-28,공급이 안정적이네요,5,불만
FB000191,CUST001739,2023-10-05,앱이 사용하기 편해요,4,건의
FB000192,CUST002079,2023-08-06,청구서가 늦게 와요,5,칭찬
FB000193,CUST002322,2024-11-06,기술자가 전문적이었습니다,5,칭찬
FB000194,CUST003258,2023-10-21,기술자가 전문적이었습니다,4,건의
FB000195,CUST004138,2024-02-25,신청 처리가 빨라요,4,칭찬
FB000196,CUST000207,2024-07-15,개선이 필요합니다,4,건의
FB000197,CUST003013,2023-12-03,신청 처리가 빨라요,4,칭찬
FB000198,CUST002342,2024-05-27,기술자가 전문적이었습니다,4,불만
FB000199,CUST002631,2024-03-15,가격이 합리적입니다,4,불만
FB000200,CUST002175,2023-09-10,서비스가 좋습니다,3,건의
FB000201,CUST002594,2024-11-15,공급이 안정적이네요,4,불만
FB000202,CUST004758,2024-08-14,요금이 비싼 편입니다,5,불만
FB000203,CUST004998,2023-01-27,신청 처리가 빨라요,2,칭찬
FB000204,CUST004933,2024-02-27,계약 과정이 복잡해요,5,칭찬
FB000205,CUST001317,2023-04-14,가격이 합리적입니다,4,불만
FB000206,CUST002417,2024-02-07,공급이 안정적이네요,5,불만
FB000207,CUST004039,2024-07-05,만족합니다,4,불만
FB000208,CUST001560,2023-05-31,개선이 필요합니다,5,불만
FB000209,CUST001442,2023-10-31,앱이 사용하기 편해요,4,칭찬
FB000210,CUST002494,2024-08-02,개선이 필요합니다,5,불만
FB000211,CUST004286,2024-04-26,다시 이용하고 싶습니다,5,불만
FB000212,CUST001533,2024-08-27,다시 이용하고 싶습니다,4,건의
FB000213,CUST001349,2024-10-16,청구서가 늦게 와요,5,불만
FB000214,CUST001147,2023-08-31,요금이 비싼 편입니다,4,건의
FB000215,CUST001936,2024-09-22,가격이 합리적입니다,4,칭찬
FB000216,CUST001754,2024-09-15,개선이 필요합니다,4,불만
FB000217,CUST002958,2024-07-13,기술자가 전문적이었습니다,5,불만
FB000218,CUST003717,2024-11-04,앱이 사용하기 편해요,4,건의
FB000219,CUST002079,2023-03-21,개선이 필요합니다,4,건의
FB000220,CUST004766,2024-03-01,상담원이 친절했습니다,3,불만
FB000221,CUST001556,2023-04-09,상담원이 친절했습니다,5,칭찬
FB000222,CUST000501,2023-12-29,불만이 많습니다,4,불만
FB000223,CUST001046,2023-08-18,개선이 필요합니다,4,건의
FB000224,CUST002746,2024-11-20,공급이 안정적이네요,5,불만
FB000225,CUST000868,2024-05-27,신청 처리가 빨라요,3,건의
FB000226,CUST003303,2023-03-27,서비스가 좋습니다,5,건의
FB000227,CUST000075,2023-04-14,요금이 비싼 편입니다,5,불만
FB000228,CUST002406,2024-02-08,신청 처리가 빨라요,5,칭찬
FB000229,CUST003512,2024-06-11,다시 이용하고 싶습니다,5,불만
FB000230,CUST000787,2024-11-02,청구서가 늦게 와요,5,건의
FB000231,CUST004335,2023-07-21,상담원이 친절했습니다,4,불만
FB000232,CUST000558,2024-12-12,개선이 필요합니다,4,건의
FB000233,CUST000459,2024-04-17,기술자가 전문적이었습니다,5,칭찬
FB000234,CUST002979,2023-04-01,상담원이 친절했습니다,5,칭찬
FB000235,CUST002426,2023-01-30,앱이 사용하기 편해요,5,칭찬
FB000236,CUST000553,2023-09-08,신청 처리가 빨라요,4,건의
FB000237,CUST003532,2023-01-24,청구서가 늦게 와요,4,불만
FB000238,CUST003297,2024-05-24,계약 과정이 복잡해요,1,불만
FB000239,CUST003231,2023-08-02,다시 이용하고 싶습니다,5,건의
FB000240,CUST003002,2024-04-30,상담원이 친절했습니다,5,불만
FB000241,CUST004740,2023-05-14,서비스가 좋습니다,5,건의
FB000242,CUST002067,2024-01-24,청구서가 늦게 와요,4,건의
FB000243,CUST004096,2023-03-02,고객지원이 부족합니다,4,건의
FB000244,CUST002412,2024-04-27,청구서가 늦게 와요,4,건의
FB000245,CUST000381,2024-12-08,기술자가 전문적이었습니다,4,불만
FB000246,CUST002159,2023-06-20,서비스가 좋습니다,4,불만
FB000247,CUST004321,2023-01-05,서비스가 좋습니다,4,건의
FB000248,CUST004739,2023-04-08,서비스가 좋습니다,5,불만
FB000249,CUST003397,2023-10-08,상담원이 친절했습니다,3,건의
FB000250,CUST004846,2024-07-03,다시 이용하고 싶습니다,5,건의
FB000251,CUST004274,2024-09-20,공급이 안정적이네요,3,불만
FB000252,CUST001153,2024-03-09,불만이 많습니다,5,불만
FB000253,CUST002927,2024-05-08,계약 과정이 복잡해요,4,불만
FB000254,CUST002303,2024-07-21,기술자가 전문적이었습니다,4,건의
FB000255,CUST001873,2024-12-29,계약 과정이 복잡해요,5,불만
FB000256,CUST002276,2023-01-20,불만이 많습니다,4,건의
FB000257,CUST002843,2024-07-23,고객지원이 부족합니다,4,건의
FB000258,CUST001139,2023-05-24,불만이 많습니다,2,건의
FB000259,CUST004899,2024-01-31,서비스가 좋습니다,3,건의
FB000260,CUST001149,2023-10-09,기술자가 전문적이었습니다,5,칭찬
FB000261,CUST001815,2024-08-10,고객지원이 부족합니다,1,칭찬
FB000262,CUST000087,2023-08-01,요금이 비싼 편입니다,4,건의
FB000263,CUST002077,2023-05-01,청구서가 늦게 와요,5,칭찬
FB000264,CUST000691,2023-05-15,만족합니다,4,칭찬
FB000265,CUST001689,2023-05-06,요금이 비싼 편입니다,3,건의
FB000266,CUST003576,2023-10-20,계약 과정이 복잡해요,4,건의
FB000267,CUST002445,2024-02-12,신청 처리가 빨라요,2,불만
FB000268,CUST001584,2023-07-21,기술자가 전문적이었습니다,4,건의
FB000269,CUST000531,2024-08-29,계약 과정이 복잡해요,4,불만
FB000270,CUST004473,2023-11-01,상담원이 친절했습니다,5,건의
FB000271,CUST004193,2024-03-28,계약 과정이 복잡해요,5,건의
FB000272,CUST003459,2024-02-11,상담원이 친절했습니다,5,건의
FB000273,CUST004040,2023-07-08,만족합니다,4,건의
FB000274,CUST002218,2023-11-28,신청 처리가 빨라요,2,칭찬
FB000275,CUST000339,2024-10-19,앱이 사용하기 편해요,4,건의
FB000276,CUST004618,2023-10-12,신청 처리가 빨라요,3,불만
FB000277,CUST001499,2023-05-28,가격이 합리적입니다,5,칭찬
FB000278,CUST002758,2024-08-15,계약 과정이 복잡해요,5,불만
FB000279,CUST003577,2024-10-10,신청 처리가 빨라요,4,건의
FB000280,CUST001712,2023-06-18,요금이 비싼 편입니다,3,칭찬
FB000281,CUST002287,2024-02-02,만족합니다,2,건의
FB000282,CUST001275,2024-12-20,가격이 합리적입니다,4,칭찬
FB000283,CUST002289,2023-10-31,요금이 비싼 편입니다,3,건의
FB000284,CUST001535,2023-12-19,서비스가 좋습니다,1,불만
FB000285,CUST003126,2024-02-20,요금이 비싼 편입니다,5,건의
FB000286,CUST002085,2023-07-30,다시 이용하고 싶습니다,4,건의
FB000287,CUST000452,2023-07-15,고객지원이 부족합니다,5,칭찬
FB000288,CUST000910,2024-09-04,요금이 비싼 편입니다,5,칭찬
FB000289,CUST003722,2023-04-22,개선이 필요합니다,4,불만
FB000290,CUST002947,2024-04-16,만족합니다,4,칭찬
FB000291,CUST004884,2023-05-23,기술자가 전문적이었습니다,2,불만
FB000292,CUST001599,2024-08-22,요금이 비싼 편입니다,5,건의
FB000293,CUST000104,2024-08-25,가격이 합리적입니다,3,불만
FB000294,CUST004589,2024-10-07,청구서가 늦게 와요,2,건의
FB000295,CUST004384,2023-11-04,요금이 비싼 편입니다,4,칭찬
FB000296,CUST001739,2023-01-12,다시 이용하고 싶습니다,5,칭찬
FB000297,CUST001409,2023-08-09,개선이 필요합니다,3,불만
FB000298,CUST002394,2024-02-09,청구서가 늦게 와요,4,건의
FB000299,CUST001177,2024-08-09,요금이 비싼 편입니다,5,불만
FB000300,CUST003179,2023-09-26,불만이 많습니다,4,불만
FB000301,CUST001488,2024-06-01,청구서가 늦게 와요,5,건의
FB000302,CUST001511,2024-11-11,신청 처리가 빨라요,4,칭찬
FB000303,CUST002049,2023-03-23,계약 과정이 복잡해요,4,불만
FB000304,CUST000400,2024-11-14,고객지원이 부족합니다,5,건의
FB000305,CUST003910,2023-04-23,고객지원이 부족합니다,4,건의
FB000306,CUST003053,2023-07-05,계약 과정이 복잡해요,3,칭찬
FB000307,CUST001120,2024-10-19,청구서가 늦게 와요,2,칭찬
FB000308,CUST003724,2024-02-28,상담원이 친절했습니다,5,건의
FB000309,CUST004209,2024-12-20,다시 이용하고 싶습니다,5,건의
FB000310,CUST001222,2024-01-28,개선이 필요합니다,1,건의
FB000311,CUST004207,2023-10-27,청구서가 늦게 와요,5,불만
FB000312,CUST002053,2024-08-03,불만이 많습니다,5,건의
FB000313,CUST001187,2024-04-16,가격이 합리적입니다,5,건의
FB000314,CUST001735,2023-04-01,다시 이용하고 싶습니다,5,건의
FB000315,CUST002028,2024-09-27,신청 처리가 빨라요,5,건의
FB000316,CUST001625,2024-02-24,만족합니다,4,건의
FB000317,CUST002158,2024-04-07,계약 과정이 복잡해요,4,건의
FB000318,CUST003956,2024-11-19,서비스가 좋습니다,5,불만
FB000319,CUST004904,2023-01-27,서비스가 좋습니다,5,건의
FB000320,CUST004500,2024-02-26,기술자가 전문적이었습니다,5,건의
FB000321,CUST002357,2024-11-29,개선이 필요합니다,3,칭찬
FB000322,CUST003732,2024-07-17,앱이 사용하기 편해요,5,칭찬
FB000323,CUST003251,2023-08-18,만족합니다,4,건의
FB000324,CUST004767,2023-08-12,불만이 많습니다,2,칭찬
FB000325,CUST001581,2023-12-03,앱이 사용하기 편해요,2,건의
FB000326,CUST004592,2023-08-14,불만이 많습니다,3,칭찬
FB000327,CUST001079,2024-09-06,고객지원이 부족합니다,3,건의
FB000328,CUST001966,2023-04-24,기술자가 전문적이었습니다,4,칭찬
FB000329,CUST002822,2023-02-03,앱이 사용하기 편해요,5,불만
FB000330,CUST001263,2023-04-18,청구서가 늦게 와요,5,불만
FB000331,CUST004814,2024-02-03,고객지원이 부족합니다,5,건의
FB000332,CUST001368,2023-04-21,요금이 비싼 편입니다,2,칭찬
FB000333,CUST004173,2023-06-23,요금이 비싼 편입니다,5,건의
FB000334,CUST002783,2023-12-25,개선이 필요합니다,4,건의
FB000335,CUST000424,2024-08-07,다시 이용하고 싶습니다,4,불만
FB000336,CUST004211,2023-01-29,개선이 필요합니다,5,건의
FB000337,CUST003715,2023-04-27,상담원이 친절했습니다,4,건의
FB000338,CUST004818,2024-02-15,공급이 안정적이네요,4,건의
FB000339,CUST000957,2023-09-10,가격이 합리적입니다,3,칭찬
FB000340,CUST004811,2024-08-04,기술자가 전문적이었습니다,4,칭찬
FB000341,CUST001116,2024-09-08,서비스가 좋습니다,5,불만
FB000342,CUST003671,2023-10-06,가격이 합리적입니다,3,건의
FB000343,CUST000678,2024-08-22,다시 이용하고 싶습니다,4,불만
FB000344,CUST000276,2023-02-04,계약 과정이 복잡해요,4,칭찬
FB000345,CUST000316,2023-03-25,계약 과정이 복잡해요,4,불만
FB000346,CUST004607,2023-07-19,상담원이 친절했습니다,4,불만
FB000347,CUST000463,2023-08-20,신청 처리가 빨라요,5,칭찬
FB000348,CUST000546,2023-08-26,청구서가 늦게 와요,5,건의
FB000349,CUST000451,2023-10-06,기술자가 전문적이었습니다,3,불만
FB000350,CUST003935,2023-10-06,상담원이 친절했습니다,3,칭찬
FB000351,CUST001649,2023-08-09,공급이 안정적이네요,3,건의
FB000352,CUST001911,2024-05-02,만족합니다,5,건의
FB000353,CUST002595,2024-11-12,불만이 많습니다,5,건의
FB000354,CUST000933,2024-03-05,개선이 필요합니다,5,불만
FB000355,CUST003113,2024-05-08,다시 이용하고 싶습니다,5,건의
FB000356,CUST001059,2024-11-03,공급이 안정적이네요,5,불만
FB000357,CUST004687,2023-07-30,공급이 안정적이네요,5,칭찬
FB000358,CUST002821,2024-12-03,서비스가 좋습니다,4,칭찬
FB000359,CUST000185,2023-10-08,기술자가 전문적이었습니다,4,불만
FB000360,CUST001649,2024-06-30,요금이 비싼 편입니다,3,칭찬
FB000361,CUST001782,2023-04-13,신청 처리가 빨라요,3,칭찬
FB000362,CUST003283,2023-10-16,기술자가 전문적이었습니다,5,칭찬
FB000363,CUST003749,2023-02-16,만족합니다,4,칭찬
FB000364,CUST001683,2024-07-30,가격이 합리적입니다,4,건의
FB000365,CUST001119,2024-07-12,청구서가 늦게 와요,3,건의
FB000366,CUST004150,2024-12-08,불만이 많습니다,4,불만
FB000367,CUST004432,2023-09-29,기술자가 전문적이었습니다,5,칭찬
FB000368,CUST002595,2023-04-01,신청 처리가 빨라요,4,건의
FB000369,CUST004020,2023-03-05,다시 이용하고 싶습니다,4,건의
FB000370,CUST002865,2023-03-14,서비스가 좋습니다,3,불만
FB000371,CUST004965,2024-03-20,공급이 안정적이네요,4,불만
FB000372,CUST004105,2024-05-20,신청 처리가 빨라요,3,칭찬
FB000373,CUST004948,2024-09-06,공급이 안정적이네요,5,칭찬
FB000374,CUST000682,2023-08-10,개선이 필요합니다,4,건의
FB000375,CUST002634,2023-02-08,앱이 사용하기 편해요,4,건의
FB000376,CUST003370,2023-03-17,계약 과정이 복잡해요,5,건의
FB000377,CUST000710,2023-09-15,앱이 사용하기 편해요,5,칭찬
FB000378,CUST000540,2024-07-11,신청 처리가 빨라요,5,건의
FB000379,CUST003069,2023-04-04,다시 이용하고 싶습니다,5,건의
FB000380,CUST003498,2023-04-17,요금이 비싼 편입니다,3,칭찬
FB000381,CUST000214,2024-02-15,앱이 사용하기 편해요,5,건의
FB000382,CUST004607,2023-01-11,요금이 비싼 편입니다,3,칭찬
FB000383,CUST003513,2023-10-17,서비스가 좋습니다,2,불만
FB000384,CUST004742,2024-08-15,공급이 안정적이네요,5,불만
FB000385,CUST003692,2024-11-01,다시 이용하고 싶습니다,4,건의
FB000386,CUST001880,2024-12-28,신청 처리가 빨라요,4,칭찬
FB000387,CUST000060,2024-08-27,기술자가 전문적이었습니다,5,불만
FB000388,CUST004609,2024-11-09,청구서가 늦게 와요,2,칭찬
FB000389,CUST002580,2024-11-04,앱이 사용하기 편해요,5,불만
FB000390,CUST002965,2023-03-27,불만이 많습니다,4,건의
FB000391,CUST001535,2023-01-26,계약 과정이 복잡해요,4,건의
FB000392,CUST001223,2023-02-18,신청 처리가 빨라요,5,칭찬
FB000393,CUST000339,2023-11-16,앱이 사용하기 편해요,4,칭찬
FB000394,CUST003744,2024-11-02,신청 처리가 빨라요,3,건의
FB000395,CUST000610,2023-06-15,서비스가 좋습니다,5,불만
FB000396,CUST003962,2023-02-09,개선이 필요합니다,4,칭찬
FB000397,CUST000142,2023-06-04,개선이 필요합니다,4,건의
FB000398,CUST003130,2024-06-26,기술자가 전문적이었습니다,2,건의
FB000399,CUST000595,2024-07-29,앱이 사용하기 편해요,5,건의
FB000400,CUST001120,2024-03-03,개선이 필요합니다,4,칭찬
FB000401,CUST004730,2024-03-03,청구서가 늦게 와요,5,불만
FB000402,CUST002460,2023-05-02,만족합니다,2,건의
FB000403,CUST002323,2024-02-18,만족합니다,4,건의
FB000404,CUST002424,2024-07-11,서비스가 좋습니다,5,불만
FB000405,CUST003025,2023-02-03,계약 과정이 복잡해요,4,불만
FB000406,CUST003541,2023-03-16,만족합니다,3,건의
FB000407,CUST001851,2024-09-27,만족합니다,1,칭찬
FB000408,CUST001380,2024-09-08,상담원이 친절했습니다,4,불만
FB000409,CUST000692,2023-02-10,가격이 합리적입니다,4,건의
FB000410,CUST003976,2023-09-10,서비스가 좋습니다,4,칭찬
FB000411,CUST002363,2023-10-26,가격이 합리적입니다,4,건의
FB000412,CUST002002,2023-05-28,공급이 안정적이네요,5,칭찬
FB000413,CUST001702,2023-05-05,공급이 안정적이네요,5,건의
FB000414,CUST000972,2023-07-25,기술자가 전문적이었습니다,4,불만
FB000415,CUST002867,2023-09-22,신청 처리가 빨라요,3,칭찬
FB000416,CUST002935,2024-05-28,다시 이용하고 싶습니다,5,건의
FB000417,CUST001356,2023-12-04,공급이 안정적이네요,5,건의
FB000418,CUST001942,2023-11-06,다시 이용하고 싶습니다,4,칭찬
FB000419,CUST000059,2024-07-20,요금이 비싼 편입니다,4,불만
FB000420,CUST003816,2023-09-25,기술자가 전문적이었습니다,1,건의
FB000421,CUST000738,2023-06-09,불만이 많습니다,5,칭찬
FB000422,CUST004436,2023-03-03,만족합니다,4,건의
FB000423,CUST003880,2023-08-03,개선이 필요합니다,5,건의
FB000424,CUST002688,2023-11-23,계약 과정이 복잡해요,5,불만
FB000425,CUST000470,2023-07-22,불만이 많습니다,4,건의
FB000426,CUST001983,2023-03-18,청구서가 늦게 와요,3,건의
FB000427,CUST001508,2024-03-11,가격이 합리적입니다,4,건의
FB000428,CUST002167,2023-03-04,서비스가 좋습니다,4,건의
FB000429,CUST002116,2024-12-13,만족합니다,3,건의
FB000430,CUST003483,2024-05-04,가격이 합리적입니다,5,건의
FB000431,CUST000807,2024-08-02,요금이 비싼 편입니다,5,칭찬
FB000432,CUST000801,2024-11-18,기술자가 전문적이었습니다,5,건의
FB000433,CUST003952,2023-04-09,청구서가 늦게 와요,5,건의
FB000434,CUST000333,2024-05-12,다시 이용하고 싶습니다,4,건의
FB000435,CUST002975,2024-08-28,앱이 사용하기 편해요,5,칭찬
FB000436,CUST001355,2023-04-13,공급이 안정적이네요,4,불만
FB000437,CUST001200,2023-07-30,만족합니다,3,칭찬
FB000438,CUST002710,2024-07-10,고객지원이 부족합니다,4,건의
FB000439,CUST003576,2024-01-27,계약 과정이 복잡해요,3,건의
FB000440,CUST000525,2023-03-02,앱이 사용하기 편해요,5,건의
FB000441,CUST000961,2023-03-23,가격이 합리적입니다,4,칭찬
FB000442,CUST003328,2023-11-28,불만이 많습니다,3,칭찬
FB000443,CUST004164,2024-05-07,요금이 비싼 편입니다,4,칭찬
FB000444,CUST002988,2023-04-12,고객지원이 부족합니다,5,칭찬
FB000445,CUST002393,2024-12-19,상담원이 친절했습니다,4,불만
FB000446,CUST004247,2023-03-30,요금이 비싼 편입니다,1,칭찬
FB000447,CUST000283,2024-05-22,고객지원이 부족합니다,3,칭찬
FB000448,CUST002095,2023-04-29,공급이 안정적이네요,5,칭찬
FB000449,CUST004222,2023-07-28,개선이 필요합니다,5,건의
FB000450,CUST001481,2023-05-19,앱이 사용하기 편해요,4,불만
FB000451,CUST000499,2024-12-23,요금이 비싼 편입니다,3,불만
FB000452,CUST001290,2023-04-11,앱이 사용하기 편해요,5,건의
FB000453,CUST002887,2024-08-19,가격이 합리적입니다,5,불만
FB000454,CUST000186,2024-11-29,다시 이용하고 싶습니다,5,칭찬
FB000455,CUST004604,2023-11-13,앱이 사용하기 편해요,4,불만
FB000456,CUST001097,2023-01-17,서비스가 좋습니다,5,건의
FB000457,CUST000790,2023-05-19,고객지원이 부족합니다,4,칭찬
FB000458,CUST002646,2023-11-07,불만이 많습니다,4,칭찬
FB000459,CUST004494,2024-04-20,상담원이 친절했습니다,5,건의
FB000460,CUST001545,2024-11-16,가격이 합리적입니다,4,칭찬
FB000461,CUST004394,2023-01-05,기술자가 전문적이었습니다,4,불만
FB000462,CUST000211,2023-06-15,공급이 안정적이네요,4,건의
FB000463,CUST004846,2024-06-17,고객지원이 부족합니다,5,불만
FB000464,CUST003765,2024-07-22,만족합니다,5,건의
FB000465,CUST000706,2024-11-01,청구서가 늦게 와요,5,불만
FB000466,CUST001276,2023-04-01,요금이 비싼 편입니다,3,건의
FB000467,CUST000170,2023-10-24,상담원이 친절했습니다,5,칭찬
FB000468,CUST002255,2023-04-05,기술자가 전문적이었습니다,5,칭찬
FB000469,CUST001358,2023-05-03,가격이 합리적입니다,4,칭찬
FB000470,CUST004470,2023-05-16,요금이 비싼 편입니다,3,칭찬
FB000471,CUST003313,2024-06-30,앱이 사용하기 편해요,4,불만
FB000472,CUST002692,2024-04-15,기술자가 전문적이었습니다,2,불만
FB000473,CUST004415,2024-10-09,만족합니다,4,불만
FB000474,CUST000811,2023-11-03,공급이 안정적이네요,4,불만
FB000475,CUST000027,2023-11-21,상담원이 친절했습니다,3,칭찬
FB000476,CUST003795,2023-05-20,앱이 사용하기 편해요,5,건의
FB000477,CUST003742,2024-05-11,다시 이용하고 싶습니다,5,불만
FB000478,CUST000763,2024-12-14,다시 이용하고 싶습니다,3,건의
FB000479,CUST004930,2023-03-18,계약 과정이 복잡해요,4,건의
FB000480,CUST001123,2024-09-14,청구서가 늦게 와요,4,칭찬
FB000481,CUST000552,2023-08-07,계약 과정이 복잡해요,3,칭찬
FB000482,CUST004467,2024-03-22,계약 과정이 복잡해요,4,칭찬
FB000483,CUST002337,2024-05-02,만족합니다,4,칭찬
FB000484,CUST004021,2024-06-06,개선이 필요합니다,5,건의
FB000485,CUST004019,2024-01-13,만족합니다,5,칭찬
FB000486,CUST000102,2024-05-17,신청 처리가 빨라요,5,불만
FB000487,CUST004417,2024-01-25,청구서가 늦게 와요,5,건의
FB000488,CUST002193,2023-10-29,앱이 사용하기 편해요,4,불만
FB000489,CUST003082,2024-03-14,계약 과정이 복잡해요,5,건의
FB000490,CUST002848,2023-07-12,개선이 필요합니다,5,불만
FB000491,CUST002236,2024-09-11,청구서가 늦게 와요,4,칭찬
FB000492,CUST002484,2023-03-15,불만이 많습니다,5,건의
FB000493,CUST002530,2023-09-02,상담원이 친절했습니다,5,불만
FB000494,CUST004749,2024-07-21,청구서가 늦게 와요,4,건의
FB000495,CUST003482,2023-03-23,고객지원이 부족합니다,4,불만
FB000496,CUST004152,2023-02-08,다시 이용하고 싶습니다,5,칭찬
FB000497,CUST000409,2024-10-14,다시 이용하고 싶습니다,4,칭찬
FB000498,CUST004461,2024-05-26,앱이 사용하기 편해요,4,건의
FB000499,CUST003224,2023-11-05,기술자가 전문적이었습니다,3,칭찬
FB000500,CUST002492,2024-09-21,신청 처리가 빨라요,4,불만
FB000501,CUST003259,2023-04-24,만족합니다,5,칭찬
FB000502,CUST000477,2024-11-04,앱이 사용하기 편해요,4,건의
FB000503,CUST004951,2024-01-24,서비스가 좋습니다,4,칭찬
FB000504,CUST002102,2023-05-06,서비스가 좋습니다,5,불만
FB000505,CUST004391,2024-08-14,가격이 합리적입니다,5,건의
FB000506,CUST003705,2023-10-21,앱이 사용하기 편해요,4,칭찬
FB000507,CUST001206,2023-06-23,불만이 많습니다,4,칭찬
FB000508,CUST003345,2023-09-13,만족합니다,5,건의
FB000509,CUST002907,2024-10-18,만족합니다,5,칭찬
FB000510,CUST002611,2023-06-05,상담원이 친절했습니다,1,불만
FB000511,CUST000601,2023-05-02,기술자가 전문적이었습니다,4,건의
FB000512,CUST001015,2023-12-23,상담원이 친절했습니다,5,불만
FB000513,CUST000960,2023-10-18,요금이 비싼 편입니다,5,건의
FB000514,CUST004956,2023-02-19,기술자가 전문적이었습니다,4,칭찬
FB000515,CUST000096,2023-03-19,만족합니다,4,건의
FB000516,CUST004163,2024-12-28,다시 이용하고 싶습니다,4,칭찬
FB000517,CUST002755,2023-09-01,서비스가 좋습니다,5,칭찬
FB000518,CUST002472,2023-03-26,계약 과정이 복잡해요,5,건의
FB000519,CUST000231,2023-12-10,개선이 필요합니다,4,건의
FB000520,CUST002721,2023-08-12,가격이 합리적입니다,2,건의
FB000521,CUST000384,2023-12-06,공급이 안정적이네요,2,불만
FB000522,CUST003009,2023-02-22,계약 과정이 복잡해요,3,불만
FB000523,CUST002941,2024-02-25,개선이 필요합니다,4,건의
FB000524,CUST003917,2024-09-03,개선이 필요합니다,5,건의
FB000525,CUST003987,2024-11-10,공급이 안정적이네요,5,불만
FB000526,CUST002797,2024-03-19,다시 이용하고 싶습니다,3,불만
FB000527,CUST001190,2024-11-08,요금이 비싼 편입니다,5,불만
FB000528,CUST004466,2023-07-09,개선이 필요합니다,5,불만
FB000529,CUST000774,2024-02-02,만족합니다,1,건의
FB000530,CUST000153,2023-03-10,계약 과정이 복잡해요,4,건의
FB000531,CUST001829,2024-02-21,만족합니다,5,불만
FB000532,CUST000266,2024-07-15,개선이 필요합니다,2,불만
FB000533,CUST003512,2023-09-17,공급이 안정적이네요,4,불만
FB000534,CUST003356,2023-12-19,서비스가 좋습니다,1,불만
FB000535,CUST003032,2023-12-12,가격이 합리적입니다,3,불만
FB000536,CUST001195,2023-06-21,상담원이 친절했습니다,5,불만
FB000537,CUST001404,2023-11-27,계약 과정이 복잡해요,5,불만
FB000538,CUST001757,2023-06-29,만족합니다,3,칭찬
FB000539,CUST000936,2024-11-02,기술자가 전문적이었습니다,2,칭찬
FB000540,CUST003731,2024-05-23,공급이 안정적이네요,5,불만
FB000541,CUST000134,2023-11-16,가격이 합리적입니다,1,불만
FB000542,CUST004492,2023-03-18,상담원이 친절했습니다,2,불만
FB000543,CUST002677,2023-01-03,앱이 사용하기 편해요,4,칭찬
FB000544,CUST004040,2023-05-23,만족합니다,5,불만
FB000545,CUST000494,2024-10-10,기술자가 전문적이었습니다,5,불만
FB000546,CUST001476,2024-01-08,개선이 필요합니다,5,칭찬
FB000547,CUST001865,2023-10-17,서비스가 좋습니다,4,칭찬
FB000548,CUST004434,2024-05-13,계약 과정이 복잡해요,4,건의
FB000549,CUST002851,2023-03-08,고객지원이 부족합니다,2,건의
FB000550,CUST004963,2024-12-25,기술자가 전문적이었습니다,2,건의
FB000551,CUST004832,2024-04-22,요금이 비싼 편입니다,4,칭찬
FB000552,CUST002837,2024-08-20,서비스가 좋습니다,4,건의
FB000553,CUST002999,2024-07-09,고객지원이 부족합니다,5,불만
FB000554,CUST001164,2024-09-03,개선이 필요합니다,5,건의
FB000555,CUST001182,2024-12-22,앱이 사용하기 편해요,5,건의
FB000556,CUST000054,2024-09-20,앱이 사용하기 편해요,5,건의
FB000557,CUST003989,2023-10-10,서비스가 좋습니다,4,불만
FB000558,CUST000546,2024-06-17,공급이 안정적이네요,5,건의
FB000559,CUST000040,2024-06-22,불만이 많습니다,5,건의
FB000560,CUST001925,2024-01-03,계약 과정이 복잡해요,1,건의
FB000561,CUST003515,2024-03-12,앱이 사용하기 편해요,5,건의
FB000562,CUST001964,2024-02-04,기술자가 전문적이었습니다,5,건의
FB000563,CUST003081,2024-09-11,앱이 사용하기 편해요,5,건의
FB000564,CUST000678,2023-10-17,고객지원이 부족합니다,5,불만
FB000565,CUST002149,2024-06-02,청구서가 늦게 와요,3,불만
FB000566,CUST003372,2024-08-06,불만이 많습니다,5,불만
FB000567,CUST003085,2024-09-04,불만이 많습니다,3,건의
FB000568,CUST001997,2023-08-15,계약 과정이 복잡해요,5,칭찬
FB000569,CUST004451,2023-03-01,고객지원이 부족합니다,4,건의
FB000570,CUST001984,2023-02-01,고객지원이 부족합니다,3,불만
FB000571,CUST002640,2024-01-14,상담원이 친절했습니다,4,불만
FB000572,CUST002840,2023-04-19,개선이 필요합니다,3,불만
FB000573,CUST002130,2024-08-28,서비스가 좋습니다,3,칭찬
FB000574,CUST001726,2024-10-05,공급이 안정적이네요,4,칭찬
FB000575,CUST004614,2024-12-18,불만이 많습니다,4,불만
FB000576,CUST003905,2023-12-15,청구서가 늦게 와요,5,불만
FB000577,CUST000090,2024-03-19,개선이 필요합니다,5,불만
FB000578,CUST000988,2024-04-07,상담원이 친절했습니다,5,칭찬
FB000579,CUST000030,2023-12-23,청구서가 늦게 와요,5,칭찬
FB000580,CUST000321,2024-11-10,앱이 사용하기 편해요,2,건의
FB000581,CUST002597,2024-02-16,고객지원이 부족합니다,5,불만
FB000582,CUST001292,2023-08-02,신청 처리가 빨라요,4,불만
FB000583,CUST001216,2024-01-10,상담원이 친절했습니다,2,칭찬
FB000584,CUST003970,2024-01-08,앱이 사용하기 편해요,5,불만
FB000585,CUST002087,2024-05-31,가격이 합리적입니다,4,칭찬
FB000586,CUST004251,2023-10-31,계약 과정이 복잡해요,4,칭찬
FB000587,CUST000315,2023-05-30,만족합니다,3,불만
FB000588,CUST004884,2023-07-08,고객지원이 부족합니다,5,칭찬
FB000589,CUST002298,2024-04-04,상담원이 친절했습니다,2,칭찬
FB000590,CUST000156,2024-10-15,개선이 필요합니다,5,불만
FB000591,CUST000181,2023-03-30,요금이 비싼 편입니다,5,불만
FB000592,CUST001457,2024-04-11,만족합니다,4,건의
FB000593,CUST003467,2023-06-09,기술자가 전문적이었습니다,3,불만
FB000594,CUST002874,2024-02-04,신청 처리가 빨라요,5,건의
FB000595,CUST001005,2024-02-18,기술자가 전문적이었습니다,4,불만
FB000596,CUST000889,2023-05-17,불만이 많습니다,5,칭찬
FB000597,CUST000316,2024-10-31,고객지원이 부족합니다,5,칭찬
FB000598,CUST002285,2024-01-06,불만이 많습니다,4,건의
FB000599,CUST003527,2024-02-19,신청 처리가 빨라요,5,건의
FB000600,CUST002228,2024-01-11,상담원이 친절했습니다,5,칭찬
FB000601,CUST000633,2023-01-27,계약 과정이 복잡해요,4,불만
FB000602,CUST002982,2023-09-23,고객지원이 부족합니다,5,불만
FB000603,CUST001341,2024-01-27,가격이 합리적입니다,5,불만
FB000604,CUST001063,2023-01-09,가격이 합리적입니다,1,건의
FB000605,CUST000524,2024-05-02,앱이 사용하기 편해요,1,칭찬
FB000606,CUST000552,2023-01-24,청구서가 늦게 와요,4,불만
FB000607,CUST004654,2024-11-10,기술자가 전문적이었습니다,4,불만
FB000608,CUST002472,2023-02-13,공급이 안정적이네요,3,건의
FB000609,CUST003485,2023-03-26,만족합니다,5,건의
FB000610,CUST002097,2023-10-29,공급이 안정적이네요,5,건의
FB000611,CUST002449,2024-10-31,개선이 필요합니다,5,불만
FB000612,CUST001968,2023-10-09,다시 이용하고 싶습니다,4,건의
FB000613,CUST002969,2023-04-24,앱이 사용하기 편해요,4,불만
FB000614,CUST004521,2023-08-16,불만이 많습니다,1,칭찬
FB000615,CUST000003,2023-01-06,개선이 필요합니다,3,건의
FB000616,CUST000127,2024-01-23,가격이 합리적입니다,5,칭찬
FB000617,CUST004836,2024-06-05,상담원이 친절했습니다,3,건의
FB000618,CUST000784,2024-10-25,만족합니다,5,건의
FB000619,CUST003318,2024-03-07,공급이 안정적이네요,4,불만
FB000620,CUST004649,2023-07-04,가격이 합리적입니다,3,건의
FB000621,CUST002229,2023-09-24,공급이 안정적이네요,1,칭찬
FB000622,CUST002776,2023-02-11,상담원이 친절했습니다,5,칭찬
FB000623,CUST001651,2024-12-18,공급이 안정적이네요,5,불만
FB000624,CUST002767,2024-06-08,개선이 필요합니다,4,불만
FB000625,CUST003885,2024-03-31,개선이 필요합니다,5,건의
FB000626,CUST004956,2023-04-16,다시 이용하고 싶습니다,4,건의
FB000627,CUST001271,2023-01-06,만족합니다,5,불만
FB000628,CUST004923,2023-01-04,신청 처리가 빨라요,3,불만
FB000629,CUST004572,2024-10-15,요금이 비싼 편입니다,5,건의
FB000630,CUST000214,2024-02-26,다시 이용하고 싶습니다,4,건의
FB000631,CUST000300,2024-02-23,계약 과정이 복잡해요,5,칭찬
FB000632,CUST000217,2024-07-08,신청 처리가 빨라요,5,건의
FB000633,CUST003796,2024-09-05,불만이 많습니다,5,칭찬
FB000634,CUST000440,2023-03-02,고객지원이 부족합니다,1,칭찬
FB000635,CUST000509,2024-11-19,불만이 많습니다,5,불만
FB000636,CUST004583,2023-10-06,계약 과정이 복잡해요,4,건의
FB000637,CUST004914,2023-04-13,가격이 합리적입니다,5,건의
FB000638,CUST001233,2024-05-12,상담원이 친절했습니다,4,칭찬
FB000639,CUST000896,2023-05-19,다시 이용하고 싶습니다,5,칭찬
FB000640,CUST002489,2024-07-03,기술자가 전문적이었습니다,3,건의
FB000641,CUST000816,2023-05-25,청구서가 늦게 와요,5,칭찬
FB000642,CUST004176,2023-01-08,개선이 필요합니다,5,건의
FB000643,CUST004253,2024-04-28,공급이 안정적이네요,4,건의
FB000644,CUST002600,2024-02-22,청구서가 늦게 와요,2,불만
FB000645,CUST001442,2023-06-22,만족합니다,4,불만
FB000646,CUST001690,2023-07-16,가격이 합리적입니다,3,불만
FB000647,CUST000698,2024-05-28,청구서가 늦게 와요,4,칭찬
FB000648,CUST003431,2023-04-24,다시 이용하고 싶습니다,3,칭찬
FB000649,CUST004450,2023-05-05,다시 이용하고 싶습니다,5,건의
FB000650,CUST003199,2023-12-26,기술자가 전문적이었습니다,2,불만
FB000651,CUST004780,2024-11-06,다시 이용하고 싶습니다,3,건의
FB000652,CUST004398,2023-06-15,불만이 많습니다,5,건의
FB000653,CUST000554,2023-05-24,가격이 합리적입니다,5,칭찬
FB000654,CUST003878,2023-08-23,신청 처리가 빨라요,4,불만
FB000655,CUST003556,2023-05-27,계약 과정이 복잡해요,5,건의
FB000656,CUST004449,2024-07-19,청구서가 늦게 와요,3,건의
FB000657,CUST001804,2023-06-01,공급이 안정적이네요,3,불만
FB000658,CUST001108,2023-07-05,상담원이 친절했습니다,2,칭찬
FB000659,CUST002850,2023-06-29,신청 처리가 빨라요,5,건의
FB000660,CUST003145,2024-07-23,다시 이용하고 싶습니다,5,칭찬
FB000661,CUST002004,2023-06-08,앱이 사용하기 편해요,5,건의
FB000662,CUST002963,2023-10-18,상담원이 친절했습니다,4,불만
FB000663,CUST000954,2023-01-14,계약 과정이 복잡해요,1,칭찬
FB000664,CUST003860,2024-07-02,만족합니다,3,불만
FB000665,CUST001446,2023-10-12,고객지원이 부족합니다,4,건의
FB000666,CUST004972,2024-04-27,만족합니다,5,건의
FB000667,CUST003339,2023-12-01,기술자가 전문적이었습니다,5,불만
FB000668,CUST004583,2023-06-09,요금이 비싼 편입니다,3,칭찬
FB000669,CUST002491,2024-06-22,상담원이 친절했습니다,4,칭찬
FB000670,CUST001383,2023-07-17,상담원이 친절했습니다,4,불만
FB000671,CUST004275,2024-01-02,서비스가 좋습니다,5,칭찬
FB000672,CUST002891,2024-09-12,요금이 비싼 편입니다,1,칭찬
FB000673,CUST002077,2024-08-28,청구서가 늦게 와요,5,건의
FB000674,CUST003673,2024-09-01,개선이 필요합니다,3,칭찬
FB000675,CUST004821,2023-11-01,공급이 안정적이네요,5,건의
FB000676,CUST004532,2023-02-02,고객지원이 부족합니다,5,건의
FB000677,CUST000619,2023-01-02,만족합니다,4,건의
FB000678,CUST001719,2023-10-07,요금이 비싼 편입니다,4,칭찬
FB000679,CUST000100,2023-04-05,신청 처리가 빨라요,3,칭찬
FB000680,CUST002075,2023-02-09,서비스가 좋습니다,5,건의
FB000681,CUST000730,2024-07-21,만족합니다,1,건의
FB000682,CUST000768,2023-10-02,불만이 많습니다,4,건의
FB000683,CUST004187,2024-04-08,고객지원이 부족합니다,4,불만
FB000684,CUST001456,2024-09-11,다시 이용하고 싶습니다,4,건의
FB000685,CUST000052,2023-04-29,기술자가 전문적이었습니다,4,불만
FB000686,CUST000948,2023-08-22,청구서가 늦게 와요,5,불만
FB000687,CUST002399,2024-01-17,상담원이 친절했습니다,5,불만
FB000688,CUST004488,2023-04-15,상담원이 친절했습니다,3,칭찬
FB000689,CUST000942,2024-12-22,다시 이용하고 싶습니다,5,건의
FB000690,CUST001695,2023-04-29,앱이 사용하기 편해요,4,칭찬
FB000691,CUST004645,2023-09-10,개선이 필요합니다,4,건의
FB000692,CUST004302,2023-12-22,상담원이 친절했습니다,3,칭찬
FB000693,CUST001673,2024-11-14,상담원이 친절했습니다,4,건의
FB000694,CUST004737,2023-01-31,상담원이 친절했습니다,5,건의
FB000695,CUST000069,2023-11-18,개선이 필요합니다,5,불만
FB000696,CUST003957,2023-07-18,앱이 사용하기 편해요,5,건의
FB000697,CUST003723,2023-11-23,청구서가 늦게 와요,3,건의
FB000698,CUST001763,2024-03-29,요금이 비싼 편입니다,4,불만
FB000699,CUST002326,2023-05-30,서비스가 좋습니다,5,건의
FB000700,CUST000719,2023-06-18,불만이 많습니다,5,칭찬
FB000701,CUST001945,2024-10-20,서비스가 좋습니다,1,건의
FB000702,CUST001507,2024-06-27,서비스가 좋습니다,3,칭찬
FB000703,CUST003760,2024-08-29,공급이 안정적이네요,2,불만
FB000704,CUST001697,2023-05-15,상담원이 친절했습니다,5,건의
FB000705,CUST004882,2023-01-08,개선이 필요합니다,4,칭찬
FB000706,CUST002253,2024-03-23,청구서가 늦게 와요,5,불만
FB000707,CUST004108,2023-10-24,서비스가 좋습니다,1,건의
FB000708,CUST001907,2023-05-01,불만이 많습니다,3,불만
FB000709,CUST001168,2024-10-16,계약 과정이 복잡해요,4,불만
FB000710,CUST001297,2024-12-18,요금이 비싼 편입니다,4,칭찬
FB000711,CUST000071,2024-11-11,요금이 비싼 편입니다,4,건의
FB000712,CUST001742,2024-01-04,서비스가 좋습니다,5,건의
FB000713,CUST001940,2024-05-16,다시 이용하고 싶습니다,5,칭찬
FB000714,CUST003854,2024-07-23,가격이 합리적입니다,3,불만
FB000715,CUST002691,2023-02-11,신청 처리가 빨라요,4,불만
FB000716,CUST002914,2024-09-05,서비스가 좋습니다,4,건의
FB000717,CUST003334,2024-04-20,요금이 비싼 편입니다,3,칭찬
FB000718,CUST003367,2024-06-20,만족합니다,5,불만
FB000719,CUST004694,2023-09-04,신청 처리가 빨라요,4,불만
FB000720,CUST004112,2023-01-30,앱이 사용하기 편해요,4,칭찬
FB000721,CUST004117,2023-05-11,기술자가 전문적이었습니다,4,건의
FB000722,CUST003018,2024-07-07,다시 이용하고 싶습니다,5,불만
FB000723,CUST002355,2023-01-18,요금이 비싼 편입니다,4,칭찬
FB000724,CUST000177,2023-03-16,다시 이용하고 싶습니다,2,불만
FB000725,CUST003536,2023-01-25,청구서가 늦게 와요,3,칭찬
FB000726,CUST004774,2023-11-04,앱이 사용하기 편해요,3,불만
FB000727,CUST004812,2023-04-15,기술자가 전문적이었습니다,4,칭찬
FB000728,CUST002900,2024-09-28,신청 처리가 빨라요,4,칭찬
FB000729,CUST003814,2023-10-22,앱이 사용하기 편해요,5,칭찬
FB000730,CUST002885,2024-12-30,청구서가 늦게 와요,5,칭찬
FB000731,CUST001207,2023-12-04,계약 과정이 복잡해요,4,건의
FB000732,CUST003359,2023-09-06,공급이 안정적이네요,5,건의
FB000733,CUST004043,2023-11-05,고객지원이 부족합니다,2,칭찬
FB000734,CUST004581,2023-03-21,개선이 필요합니다,5,불만
FB000735,CUST004002,2024-09-19,청구서가 늦게 와요,4,건의
FB000736,CUST003843,2023-12-07,고객지원이 부족합니다,4,건의
FB000737,CUST001441,2023-05-10,고객지원이 부족합니다,4,건의
FB000738,CUST001756,2024-06-06,상담원이 친절했습니다,5,건의
FB000739,CUST003852,2023-04-08,청구서가 늦게 와요,4,불만
FB000740,CUST000906,2024-11-02,공급이 안정적이네요,5,건의
FB000741,CUST000553,2023-09-26,요금이 비싼 편입니다,5,건의
FB000742,CUST001337,2023-10-22,개선이 필요합니다,5,건의
FB000743,CUST001436,2024-04-25,만족합니다,3,건의
FB000744,CUST004621,2024-07-23,상담원이 친절했습니다,5,칭찬
FB000745,CUST003374,2024-02-24,공급이 안정적이네요,4,불만
FB000746,CUST003943,2024-04-10,서비스가 좋습니다,4,불만
FB000747,CUST003992,2023-10-22,신청 처리가 빨라요,5,불만
FB000748,CUST002469,2024-10-05,신청 처리가 빨라요,4,건의
FB000749,CUST002106,2023-05-12,고객지원이 부족합니다,3,불만
FB000750,CUST001040,2024-07-17,서비스가 좋습니다,5,불만
FB000751,CUST001259,2023-02-07,상담원이 친절했습니다,5,건의
FB000752,CUST001568,2023-06-29,신청 처리가 빨라요,3,건의
FB000753,CUST000743,2023-03-29,만족합니다,4,건의
FB000754,CUST000095,2024-10-18,서비스가 좋습니다,1,건의
FB000755,CUST000355,2024-06-06,다시 이용하고 싶습니다,3,불만
FB000756,CUST001615,2024-11-21,서비스가 좋습니다,4,불만
FB000757,CUST004813,2024-07-22,서비스가 좋습니다,2,건의
FB000758,CUST002958,2024-09-16,다시 이용하고 싶습니다,4,불만
FB000759,CUST000482,2023-08-17,계약 과정이 복잡해요,4,불만
FB000760,CUST001249,2023-01-24,신청 처리가 빨라요,5,불만
FB000761,CUST000727,2024-01-30,상담원이 친절했습니다,5,건의
FB000762,CUST003875,2023-08-16,고객지원이 부족합니다,3,불만
FB000763,CUST001974,2023-12-19,다시 이용하고 싶습니다,5,불만
FB000764,CUST004040,2024-05-24,다시 이용하고 싶습니다,4,건의
FB000765,CUST000251,2024-07-26,기술자가 전문적이었습니다,4,불만
FB000766,CUST004347,2024-10-19,계약 과정이 복잡해요,3,칭찬
FB000767,CUST000732,2024-12-28,청구서가 늦게 와요,5,칭찬
FB000768,CUST004813,2023-01-26,공급이 안정적이네요,1,칭찬
FB000769,CUST003883,2024-11-20,개선이 필요합니다,4,칭찬
FB000770,CUST004548,2023-08-21,만족합니다,4,불만
FB000771,CUST001612,2024-04-20,계약 과정이 복잡해요,3,건의
FB000772,CUST004371,2024-07-25,만족합니다,5,건의
FB000773,CUST003134,2024-08-22,불만이 많습니다,4,건의
FB000774,CUST001080,2023-04-29,가격이 합리적입니다,5,건의
FB000775,CUST003397,2024-11-14,기술자가 전문적이었습니다,2,건의
FB000776,CUST002093,2023-05-30,상담원이 친절했습니다,4,불만
FB000777,CUST000648,2023-04-10,요금이 비싼 편입니다,5,불만
FB000778,CUST004070,2023-08-16,요금이 비싼 편입니다,5,불만
FB000779,CUST003655,2024-11-07,요금이 비싼 편입니다,3,건의
FB000780,CUST002409,2024-09-27,기술자가 전문적이었습니다,4,불만
FB000781,CUST002480,2024-03-31,다시 이용하고 싶습니다,3,칭찬
FB000782,CUST001839,2023-09-14,다시 이용하고 싶습니다,4,건의
FB000783,CUST004193,2023-09-03,상담원이 친절했습니다,4,칭찬
FB000784,CUST000246,2024-02-17,개선이 필요합니다,3,건의
FB000785,CUST000344,2024-09-02,만족합니다,4,불만
FB000786,CUST002993,2024-08-12,공급이 안정적이네요,5,불만
FB000787,CUST000101,2023-01-15,만족합니다,5,건의
FB000788,CUST000727,2023-11-23,청구서가 늦게 와요,5,건의
FB000789,CUST003570,2023-12-06,요금이 비싼 편입니다,5,칭찬
FB000790,CUST001911,2024-07-19,가격이 합리적입니다,4,칭찬
FB000791,CUST002685,2023-11-27,공급이 안정적이네요,4,건의
FB000792,CUST004575,2023-12-19,공급이 안정적이네요,4,칭찬
FB000793,CUST003938,2024-05-19,가격이 합리적입니다,4,불만
FB000794,CUST001761,2024-01-17,가격이 합리적입니다,5,불만
FB000795,CUST001113,2024-08-29,서비스가 좋습니다,3,건의
FB000796,CUST000400,2024-08-08,상담원이 친절했습니다,5,건의
FB000797,CUST001296,2023-11-10,청구서가 늦게 와요,4,칭찬
FB000798,CUST003503,2024-12-15,불만이 많습니다,5,불만
FB000799,CUST004989,2023-01-22,개선이 필요합니다,2,건의
FB000800,CUST002134,2024-07-11,상담원이 친절했습니다,3,건의
FB000801,CUST003440,2023-10-12,개선이 필요합니다,5,칭찬
FB000802,CUST004821,2023-07-11,청구서가 늦게 와요,5,불만
FB000803,CUST001189,2024-08-12,가격이 합리적입니다,3,건의
FB000804,CUST003354,2023-01-01,불만이 많습니다,3,건의
FB000805,CUST004787,2024-03-05,다시 이용하고 싶습니다,4,건의
FB000806,CUST003254,2024-09-09,신청 처리가 빨라요,5,칭찬
FB000807,CUST002557,2024-03-16,다시 이용하고 싶습니다,5,건의
FB000808,CUST003719,2024-08-03,상담원이 친절했습니다,4,건의
FB000809,CUST002634,2024-10-14,기술자가 전문적이었습니다,5,칭찬
FB000810,CUST000782,2023-02-20,서비스가 좋습니다,3,건의
FB000811,CUST004410,2024-12-07,청구서가 늦게 와요,5,칭찬
FB000812,CUST003763,2023-11-02,신청 처리가 빨라요,5,불만
FB000813,CUST003283,2024-01-03,고객지원이 부족합니다,4,칭찬
FB000814,CUST000237,2023-06-06,다시 이용하고 싶습니다,4,칭찬
FB000815,CUST003881,2024-06-16,서비스가 좋습니다,5,칭찬
FB000816,CUST001040,2024-09-14,계약 과정이 복잡해요,5,불만
FB000817,CUST000599,2024-07-10,불만이 많습니다,5,건의
FB000818,CUST000416,2024-03-15,서비스가 좋습니다,4,칭찬
FB000819,CUST001766,2023-01-16,고객지원이 부족합니다,3,칭찬
FB000820,CUST003739,2024-01-22,청구서가 늦게 와요,5,칭찬
FB000821,CUST002205,2023-03-10,앱이 사용하기 편해요,1,건의
FB000822,CUST003016,2023-02-19,다시 이용하고 싶습니다,3,불만
FB000823,CUST000508,2024-02-02,가격이 합리적입니다,4,불만
FB000824,CUST001040,2023-12-06,기술자가 전문적이었습니다,4,불만
FB000825,CUST000452,2024-03-06,가격이 합리적입니다,4,불만
FB000826,CUST004268,2024-04-15,요금이 비싼 편입니다,4,칭찬
FB000827,CUST004319,2023-09-04,기술자가 전문적이었습니다,5,불만
FB000828,CUST001960,2023-08-28,서비스가 좋습니다,5,칭찬
FB000829,CUST002726,2024-04-08,앱이 사용하기 편해요,3,칭찬
FB000830,CUST002058,2023-10-07,가격이 합리적입니다,5,건의
FB000831,CUST004174,2024-01-16,공급이 안정적이네요,4,건의
FB000832,CUST000744,2024-03-30,계약 과정이 복잡해요,1,건의
FB000833,CUST002361,2023-02-14,불만이 많습니다,5,칭찬
FB000834,CUST004773,2023-03-26,청구서가 늦게 와요,5,건의
FB000835,CUST003384,2024-02-13,가격이 합리적입니다,4,칭찬
FB000836,CUST001929,2023-11-22,기술자가 전문적이었습니다,5,칭찬
FB000837,CUST003250,2023-05-28,불만이 많습니다,4,불만
FB000838,CUST000540,2024-03-30,가격이 합리적입니다,4,불만
FB000839,CUST002060,2024-02-29,다시 이용하고 싶습니다,5,불만
FB000840,CUST002636,2023-04-06,만족합니다,3,건의
FB000841,CUST003669,2023-08-17,개선이 필요합니다,5,불만
FB000842,CUST001433,2024-03-04,상담원이 친절했습니다,4,건의
FB000843,CUST000348,2024-11-10,만족합니다,5,건의
FB000844,CUST003688,2024-07-27,앱이 사용하기 편해요,4,건의
FB000845,CUST001011,2023-03-12,기술자가 전문적이었습니다,5,칭찬
FB000846,CUST001349,2023-11-03,청구서가 늦게 와요,4,불만
FB000847,CUST001947,2024-08-24,다시 이용하고 싶습니다,3,불만
FB000848,CUST001606,2024-07-19,앱이 사용하기 편해요,4,칭찬
FB000849,CUST004217,2023-03-01,요금이 비싼 편입니다,4,불만
FB000850,CUST004615,2023-05-24,요금이 비싼 편입니다,5,건의
FB000851,CUST000817,2024-01-02,기술자가 전문적이었습니다,5,건의
FB000852,CUST003356,2023-08-14,상담원이 친절했습니다,2,불만
FB000853,CUST004645,2024-10-12,신청 처리가 빨라요,5,불만
FB000854,CUST000305,2023-01-21,요금이 비싼 편입니다,4,칭찬
FB000855,CUST004160,2024-06-08,개선이 필요합니다,5,건의
FB000856,CUST000325,2023-10-15,청구서가 늦게 와요,3,건의
FB000857,CUST003220,2023-07-19,요금이 비싼 편입니다,4,건의
FB000858,CUST004892,2024-05-05,신청 처리가 빨라요,5,건의
FB000859,CUST000278,2024-02-13,공급이 안정적이네요,4,건의
FB000860,CUST000056,2024-09-22,상담원이 친절했습니다,4,건의
FB000861,CUST004488,2024-09-20,기술자가 전문적이었습니다,3,건의
FB000862,CUST000044,2023-06-14,청구서가 늦게 와요,3,건의
FB000863,CUST000453,2024-10-17,기술자가 전문적이었습니다,1,건의
FB000864,CUST003553,2024-09-19,요금이 비싼 편입니다,5,건의
FB000865,CUST001107,2024-02-12,청구서가 늦게 와요,4,불만
FB000866,CUST004586,2023-10-30,개선이 필요합니다,5,칭찬
FB000867,CUST002254,2023-10-03,계약 과정이 복잡해요,5,칭찬
FB000868,CUST002763,2023-11-05,공급이 안정적이네요,4,불만
FB000869,CUST000025,2024-04-15,상담원이 친절했습니다,1,건의
FB000870,CUST000883,2024-05-25,요금이 비싼 편입니다,5,건의
FB000871,CUST000524,2023-07-04,상담원이 친절했습니다,4,불만
FB000872,CUST004984,2023-11-27,다시 이용하고 싶습니다,3,건의
FB000873,CUST001413,2023-01-10,요금이 비싼 편입니다,3,건의
FB000874,CUST000706,2024-06-28,개선이 필요합니다,3,불만
FB000875,CUST000836,2023-10-16,계약 과정이 복잡해요,5,건의
FB000876,CUST004342,2024-11-22,신청 처리가 빨라요,5,건의
FB000877,CUST004008,2023-07-08,다시 이용하고 싶습니다,3,건의
FB000878,CUST002138,2023-09-04,불만이 많습니다,2,건의
FB000879,CUST004607,2023-05-25,다시 이용하고 싶습니다,3,건의
FB000880,CUST001355,2023-09-14,개선이 필요합니다,3,건의
FB000881,CUST003945,2023-06-28,청구서가 늦게 와요,4,건의
FB000882,CUST004121,2023-08-06,서비스가 좋습니다,5,불만
FB000883,CUST000035,2023-11-05,상담원이 친절했습니다,5,건의
FB000884,CUST001123,2024-06-08,다시 이용하고 싶습니다,4,건의
FB000885,CUST003211,2023-01-05,만족합니다,5,칭찬
FB000886,CUST003826,2023-02-02,청구서가 늦게 와요,1,건의
FB000887,CUST002849,2023-10-08,공급이 안정적이네요,5,건의
FB000888,CUST004394,2023-03-23,다시 이용하고 싶습니다,3,건의
FB000889,CUST001048,2024-04-10,개선이 필요합니다,5,칭찬
FB000890,CUST002505,2024-12-27,기술자가 전문적이었습니다,4,칭찬
FB000891,CUST000741,2023-05-10,신청 처리가 빨라요,5,불만
FB000892,CUST000074,2023-11-12,서비스가 좋습니다,5,건의
FB000893,CUST004479,2023-04-24,신청 처리가 빨라요,4,건의
FB000894,CUST002330,2023-12-05,앱이 사용하기 편해요,1,건의
FB000895,CUST004191,2023-12-17,서비스가 좋습니다,1,건의
FB000896,CUST003555,2023-09-10,고객지원이 부족합니다,3,건의
FB000897,CUST002845,2024-02-12,만족합니다,4,건의
FB000898,CUST003575,2024-09-06,가격이 합리적입니다,4,불만
FB000899,CUST003572,2023-04-21,청구서가 늦게 와요,5,칭찬
FB000900,CUST003171,2023-12-02,만족합니다,4,건의
FB000901,CUST003549,2024-07-01,청구서가 늦게 와요,4,불만
FB000902,CUST001957,2023-12-13,상담원이 친절했습니다,5,건의
FB000903,CUST000486,2023-11-19,개선이 필요합니다,3,건의
FB000904,CUST002459,2024-04-14,개선이 필요합니다,4,불만
FB000905,CUST001304,2023-10-16,서비스가 좋습니다,4,건의
FB000906,CUST001215,2024-08-21,앱이 사용하기 편해요,5,건의
FB000907,CUST003746,2023-01-30,개선이 필요합니다,3,불만
FB000908,CUST001247,2024-01-29,가격이 합리적입니다,5,건의
FB000909,CUST001644,2023-06-28,고객지원이 부족합니다,2,칭찬
FB000910,CUST004425,2024-05-25,요금이 비싼 편입니다,5,건의
FB000911,CUST000221,2024-07-30,청구서가 늦게 와요,3,건의
FB000912,CUST001763,2024-01-23,상담원이 친절했습니다,5,칭찬
FB000913,CUST004995,2023-01-16,계약 과정이 복잡해요,2,건의
FB000914,CUST001829,2023-06-16,불만이 많습니다,5,불만
FB000915,CUST003355,2023-10-12,가격이 합리적입니다,4,건의
FB000916,CUST004655,2023-06-18,서비스가 좋습니다,4,건의
FB000917,CUST001183,2024-01-13,개선이 필요합니다,4,칭찬
FB000918,CUST002041,2024-04-08,공급이 안정적이네요,4,건의
FB000919,CUST000267,2023-03-04,불만이 많습니다,3,건의
FB000920,CUST003237,2023-09-02,상담원이 친절했습니다,4,칭찬
FB000921,CUST001109,2023-08-07,신청 처리가 빨라요,4,칭찬
FB000922,CUST002878,2023-08-15,만족합니다,4,칭찬
FB000923,CUST001766,2024-11-03,공급이 안정적이네요,4,불만
FB000924,CUST000487,2023-05-28,앱이 사용하기 편해요,5,칭찬
FB000925,CUST003185,2024-09-27,공급이 안정적이네요,3,건의
FB000926,CUST002906,2023-12-13,만족합니다,4,건의
FB000927,CUST002255,2024-11-22,공급이 안정적이네요,5,건의
FB000928,CUST002124,2024-09-06,계약 과정이 복잡해요,5,불만
FB000929,CUST000402,2023-10-26,신청 처리가 빨라요,5,불만
FB000930,CUST001735,2024-01-03,앱이 사용하기 편해요,4,건의
FB000931,CUST003260,2023-07-05,앱이 사용하기 편해요,4,건의
FB000932,CUST003428,2023-08-16,만족합니다,3,건의
FB000933,CUST000218,2023-03-26,가격이 합리적입니다,3,불만
FB000934,CUST003636,2023-11-26,가격이 합리적입니다,5,칭찬
FB000935,CUST002512,2024-10-17,개선이 필요합니다,4,칭찬
FB000936,CUST004609,2024-07-04,가격이 합리적입니다,5,건의
FB000937,CUST004327,2023-05-23,기술자가 전문적이었습니다,5,건의
FB000938,CUST003426,2024-06-21,만족합니다,2,칭찬
FB000939,CUST000805,2024-02-01,불만이 많습니다,5,칭찬
FB000940,CUST000745,2023-08-20,만족합니다,4,건의
FB000941,CUST004515,2023-02-17,가격이 합리적입니다,4,칭찬
FB000942,CUST002565,2023-10-14,가격이 합리적입니다,3,불만
FB000943,CUST003286,2023-01-21,공급이 안정적이네요,4,칭찬
FB000944,CUST002521,2023-05-24,서비스가 좋습니다,3,불만
FB000945,CUST003481,2024-09-11,가격이 합리적입니다,3,불만
FB000946,CUST003040,2024-03-21,상담원이 친절했습니다,3,건의
FB000947,CUST004458,2024-02-06,개선이 필요합니다,5,건의
FB000948,CUST001724,2023-07-08,만족합니다,4,불만
FB000949,CUST002653,2024-12-07,상담원이 친절했습니다,4,칭찬
FB000950,CUST003754,2024-09-24,앱이 사용하기 편해요,5,칭찬
FB000951,CUST004742,2024-09-06,신청 처리가 빨라요,5,불만
FB000952,CUST003015,2023-04-03,공급이 안정적이네요,4,불만
FB000953,CUST003922,2024-03-29,상담원이 친절했습니다,4,칭찬
FB000954,CUST001028,2023-06-11,상담원이 친절했습니다,5,칭찬
FB000955,CUST003067,2023-04-12,고객지원이 부족합니다,5,칭찬
FB000956,CUST002342,2024-05-12,다시 이용하고 싶습니다,5,칭찬
FB000957,CUST002723,2023-10-30,불만이 많습니다,4,칭찬
FB000958,CUST003040,2023-06-10,서비스가 좋습니다,5,칭찬
FB000959,CUST001308,2024-09-06,불만이 많습니다,1,건의
FB000960,CUST002517,2023-05-23,가격이 합리적입니다,1,칭찬
FB000961,CUST003834,2023-05-15,요금이 비싼 편입니다,5,건의
FB000962,CUST001953,2023-01-28,서비스가 좋습니다,3,불만
FB000963,CUST001319,2023-11-06,앱이 사용하기 편해요,5,불만
FB000964,CUST001812,2023-03-31,고객지원이 부족합니다,5,칭찬
FB000965,CUST001074,2024-02-22,상담원이 친절했습니다,4,불만
FB000966,CUST004648,2024-04-20,가격이 합리적입니다,5,건의
FB000967,CUST001789,2024-07-08,공급이 안정적이네요,5,건의
FB000968,CUST004046,2023-07-01,계약 과정이 복잡해요,5,불만
FB000969,CUST000026,2023-05-03,만족합니다,5,칭찬
FB000970,CUST001059,2024-01-03,가격이 합리적입니다,3,불만
FB000971,CUST004224,2024-12-01,상담원이 친절했습니다,4,건의
FB000972,CUST004982,2023-09-04,가격이 합리적입니다,5,건의
FB000973,CUST001992,2024-08-27,상담원이 친절했습니다,5,건의
FB000974,CUST000125,2023-06-30,청구서가 늦게 와요,3,불만
FB000975,CUST001558,2024-02-20,가격이 합리적입니다,4,건의
FB000976,CUST000023,2024-01-27,청구서가 늦게 와요,5,불만
FB000977,CUST003772,2024-09-10,고객지원이 부족합니다,5,건의
FB000978,CUST003279,2023-08-03,요금이 비싼 편입니다,2,불만
FB000979,CUST003351,2024-05-01,개선이 필요합니다,5,건의
FB000980,CUST004801,2023-01-06,만족합니다,4,건의
FB000981,CUST001684,2024-02-10,가격이 합리적입니다,3,건의
FB000982,CUST002330,2023-08-15,신청 처리가 빨라요,5,불만
FB000983,CUST004207,2023-05-10,다시 이용하고 싶습니다,5,불만
FB000984,CUST000130,2023-12-30,다시 이용하고 싶습니다,3,칭찬
FB000985,CUST002819,2023-02-03,가격이 합리적입니다,4,칭찬
FB000986,CUST000628,2023-08-09,개선이 필요합니다,4,칭찬
FB000987,CUST001044,2023-05-05,계약 과정이 복잡해요,2,칭찬
FB000988,CUST002924,2023-08-25,고객지원이 부족합니다,5,칭찬
FB000989,CUST001546,2024-08-23,만족합니다,4,칭찬
FB000990,CUST000541,2023-06-10,가격이 합리적입니다,4,불만
FB000991,CUST004800,2024-05-27,신청 처리가 빨라요,5,건의
FB000992,CUST000279,2023-02-16,공급이 안정적이네요,5,칭찬
FB000993,CUST004667,2023-11-06,기술자가 전문적이었습니다,5,건의
FB000994,CUST002334,2024-06-28,계약 과정이 복잡해요,4,칭찬
FB000995,CUST002756,2024-01-02,기술자가 전문적이었습니다,5,불만
FB000996,CUST004632,2023-01-08,불만이 많습니다,3,건의
FB000997,CUST000595,2023-07-09,다시 이용하고 싶습니다,5,칭찬
FB000998,CUST000325,2023-06-04,고객지원이 부족합니다,2,건의
FB000999,CUST003469,2023-02-16,요금이 비싼 편입니다,4,불만
FB001000,CUST000014,2024-03-04,요금이 비싼 편입니다,3,칭찬
